Species,Count,Sum,Mean,SD,Median,Max,Min
Unknown,3484,54609533.7828777,15674.3782384838,213770.384441237,512.2837695,9565537.267961,1.4343825454
Shewanella algae,1,6671573.3416391,6671573.3416391,0,6671573.3416391,6671573.3416391,6671573.3416391
Halomonas meridiana,1,4934429.3460652,4934429.3460652,0,4934429.3460652,4934429.3460652,4934429.3460652
Pelomonas puraquae,1,2958978.3124015,2958978.3124015,0,2958978.3124015,2958978.3124015,2958978.3124015
Enhydrobacter aerosaccus,1,792975.489753477,792975.489753477,0,792975.489753477,792975.489753477,792975.489753477
Halomonas aquamarina,1,614395.079434515,614395.079434515,0,614395.079434515,614395.079434515,614395.079434515
Propionibacterium acnes,1,527435.268988074,527435.268988074,0,527435.268988074,527435.268988074,527435.268988074
Stenotrophomonas maltophilia,1,497209.986763066,497209.986763066,0,497209.986763066,497209.986763066,497209.986763066
Methylobacterium komagatae,1,448892.150961622,448892.150961622,0,448892.150961622,448892.150961622,448892.150961622
Halomonas axialensis,1,394205.95563087,394205.95563087,0,394205.95563087,394205.95563087,394205.95563087
Pseudomonas brenneri,1,372808.587201863,372808.587201863,0,372808.587201863,372808.587201863,372808.587201863
Cellulosimicrobium cellulans,1,360040.38821318,360040.38821318,0,360040.38821318,360040.38821318,360040.38821318
Pseudomonas aeruginosa,1,300767.978556726,300767.978556726,0,300767.978556726,300767.978556726,300767.978556726
Pseudomonas fluorescens,1,243940.609014793,243940.609014793,0,243940.609014793,243940.609014793,243940.609014793
Variovorax paradoxus,1,161684.012855367,161684.012855367,0,161684.012855367,161684.012855367,161684.012855367
Bradyrhizobium elkanii,1,150782.38353587,150782.38353587,0,150782.38353587,150782.38353587,150782.38353587
Rothia endophytica,1,150313.75679289,150313.75679289,0,150313.75679289,150313.75679289,150313.75679289
Methylobacterium adhaesivum,1,149459.915560361,149459.915560361,0,149459.915560361,149459.915560361,149459.915560361
Acinetobacter guillouiae,1,148797.253865484,148797.253865484,0,148797.253865484,148797.253865484,148797.253865484
Lactococcus lactis,1,136961.986435665,136961.986435665,0,136961.986435665,136961.986435665,136961.986435665
Micrococcus luteus,1,128387.921782609,128387.921782609,0,128387.921782609,128387.921782609,128387.921782609
Sphingomonas echinoides,1,125567.423361086,125567.423361086,0,125567.423361086,125567.423361086,125567.423361086
Acinetobacter johnsonii,1,99755.581657909,99755.581657909,0,99755.581657909,99755.581657909,99755.581657909
Streptococcus mitis,1,94332.266378108,94332.266378108,0,94332.266378108,94332.266378108,94332.266378108
Kocuria rhizophila,1,90832.9465381326,90832.9465381326,0,90832.9465381326,90832.9465381326,90832.9465381326
Brevundimonas diminuta,1,89663.347125353,89663.347125353,0,89663.347125353,89663.347125353,89663.347125353
Staphylococcus epidermidis,1,83370.0688625931,83370.0688625931,0,83370.0688625931,83370.0688625931,83370.0688625931
Citrobacter murliniae,1,74744.17904,74744.17904,0,74744.17904,74744.17904,74744.17904
Brevundimonas vesicularis,1,71558.643217674,71558.643217674,0,71558.643217674,71558.643217674,71558.643217674
Paracoccus aminovorans,1,69556.809795887,69556.809795887,0,69556.809795887,69556.809795887,69556.809795887
Anoxybacillus kestanbolensis,1,59263.6422635409,59263.6422635409,0,59263.6422635409,59263.6422635409,59263.6422635409
Bradyrhizobium japonicum,1,55274.318804124,55274.318804124,0,55274.318804124,55274.318804124,55274.318804124
Pseudomonas putida,1,53095.152453949,53095.152453949,0,53095.152453949,53095.152453949,53095.152453949
Corynebacterium tuberculostearicum,1,53057.268397715,53057.268397715,0,53057.268397715,53057.268397715,53057.268397715
Streptococcus salivarius,1,51283.54179744,51283.54179744,0,51283.54179744,51283.54179744,51283.54179744
Bradyrhizobium daqingense,1,50811.36787815,50811.36787815,0,50811.36787815,50811.36787815,50811.36787815
Pelomonas aquatica,1,49336.23498463,49336.23498463,0,49336.23498463,49336.23498463,49336.23498463
Prevotella pallens,1,48381.754118236,48381.754118236,0,48381.754118236,48381.754118236,48381.754118236
Prevotella melaninogenica,1,48203.157543911,48203.157543911,0,48203.157543911,48203.157543911,48203.157543911
Escherichia/Shigella flexneri,1,47738.004062593,47738.004062593,0,47738.004062593,47738.004062593,47738.004062593
Geobacillus vulcani,1,43943.61421728,43943.61421728,0,43943.61421728,43943.61421728,43943.61421728
Caulobacter leidyi,1,40362.28232404,40362.28232404,0,40362.28232404,40362.28232404,40362.28232404
Flavobacterium succinicans,1,40277.75774052,40277.75774052,0,40277.75774052,40277.75774052,40277.75774052
Methylobacterium radiotolerans,1,39910.499861897,39910.499861897,0,39910.499861897,39910.499861897,39910.499861897
Pseudomonas fulva,1,38268.65787812,38268.65787812,0,38268.65787812,38268.65787812,38268.65787812
Ralstonia pickettii,1,37968.288703078,37968.288703078,0,37968.288703078,37968.288703078,37968.288703078
Pseudomonas stutzeri,1,37761.265563797,37761.265563797,0,37761.265563797,37761.265563797,37761.265563797
Acinetobacter lwoffii,1,36718.415195392,36718.415195392,0,36718.415195392,36718.415195392,36718.415195392
Staphylococcus hominis,1,33512.287977325,33512.287977325,0,33512.287977325,33512.287977325,33512.287977325
Pseudoxanthomonas taiwanensis,1,32980.457984848,32980.457984848,0,32980.457984848,32980.457984848,32980.457984848
Lactobacillus casei,1,32871.879559752,32871.879559752,0,32871.879559752,32871.879559752,32871.879559752
Acinetobacter calcoaceticus,1,31462.998743136,31462.998743136,0,31462.998743136,31462.998743136,31462.998743136
Methylobacterium jeotgali,1,30580.559295583,30580.559295583,0,30580.559295583,30580.559295583,30580.559295583
Pseudomonas pseudoalcaligenes,1,29462.37385272,29462.37385272,0,29462.37385272,29462.37385272,29462.37385272
Lactococcus raffinolactis,1,29082.6797835,29082.6797835,0,29082.6797835,29082.6797835,29082.6797835
Bradyrhizobium denitrificans,1,27947.267839368,27947.267839368,0,27947.267839368,27947.267839368,27947.267839368
Haemophilus parainfluenzae,1,27087.245121034,27087.245121034,0,27087.245121034,27087.245121034,27087.245121034
Rhizobium radiobacter,1,26897.02502088,26897.02502088,0,26897.02502088,26897.02502088,26897.02502088
Kocuria palustris,1,26011.020258792,26011.020258792,0,26011.020258792,26011.020258792,26011.020258792
Enterobacter cloacae,1,25525.83609692,25525.83609692,0,25525.83609692,25525.83609692,25525.83609692
Acinetobacter baumannii,1,25522.63141688,25522.63141688,0,25522.63141688,25522.63141688,25522.63141688
Sphingomonas yabuuchiae,1,25014.12830345,25014.12830345,0,25014.12830345,25014.12830345,25014.12830345
Lactobacillus iners,1,24954.447778643,24954.447778643,0,24954.447778643,24954.447778643,24954.447778643
Propionibacterium granulosum,1,24696.82841756,24696.82841756,0,24696.82841756,24696.82841756,24696.82841756
Roseomonas mucosa,1,24254.761102752,24254.761102752,0,24254.761102752,24254.761102752,24254.761102752
Veillonella dispar,1,24112.8237370642,24112.8237370642,0,24112.8237370642,24112.8237370642,24112.8237370642
Ochrobactrum intermedium,1,23885.55632478,23885.55632478,0,23885.55632478,23885.55632478,23885.55632478
Ralstonia insidiosa,1,23242.70735421,23242.70735421,0,23242.70735421,23242.70735421,23242.70735421
Diaphorobacter nitroreducens,1,22605.531776068,22605.531776068,0,22605.531776068,22605.531776068,22605.531776068
Afipia broomeae,1,22227.25952383,22227.25952383,0,22227.25952383,22227.25952383,22227.25952383
Delftia acidovorans,1,20016.52622254,20016.52622254,0,20016.52622254,20016.52622254,20016.52622254
Bosea vestrisii,1,19320.958808548,19320.958808548,0,19320.958808548,19320.958808548,19320.958808548
Streptococcus sanguinis,1,18897.17257208,18897.17257208,0,18897.17257208,18897.17257208,18897.17257208
Sphingomonas yunnanensis,1,18751.3247303401,18751.3247303401,0,18751.3247303401,18751.3247303401,18751.3247303401
Pseudomonas veronii,1,18606.089620286,18606.089620286,0,18606.089620286,18606.089620286,18606.089620286
Streptococcus infantis,1,18400.35499203,18400.35499203,0,18400.35499203,18400.35499203,18400.35499203
Photobacterium phosphoreum,1,18131.85319559,18131.85319559,0,18131.85319559,18131.85319559,18131.85319559
Gardnerella vaginalis,1,18089.00720293,18089.00720293,0,18089.00720293,18089.00720293,18089.00720293
Ralstonia mannitolilytica,1,18077.8337731,18077.8337731,0,18077.8337731,18077.8337731,18077.8337731
Sphingomonas faeni,1,16798.546770258,16798.546770258,0,16798.546770258,16798.546770258,16798.546770258
Alcaligenes faecalis,1,16777.421915268,16777.421915268,0,16777.421915268,16777.421915268,16777.421915268
Rothia mucilaginosa,1,16414.144224201,16414.144224201,0,16414.144224201,16414.144224201,16414.144224201
Acinetobacter schindleri,1,16385.695663423,16385.695663423,0,16385.695663423,16385.695663423,16385.695663423
Paracoccus marcusii,1,16021.546501615,16021.546501615,0,16021.546501615,16021.546501615,16021.546501615
Dietzia cinnamea,1,15843.168386079,15843.168386079,0,15843.168386079,15843.168386079,15843.168386079
Microbispora rosea,1,15577.52037027,15577.52037027,0,15577.52037027,15577.52037027,15577.52037027
Blastococcus aggregatus,1,15314.0365827,15314.0365827,0,15314.0365827,15314.0365827,15314.0365827
Rhodococcus erythropolis,1,14877.95856813,14877.95856813,0,14877.95856813,14877.95856813,14877.95856813
Pedomicrobium australicum,1,14613.396191221,14613.396191221,0,14613.396191221,14613.396191221,14613.396191221
Delftia tsuruhatensis,1,14520.67483247,14520.67483247,0,14520.67483247,14520.67483247,14520.67483247
Methylobacterium organophilum,1,14510.952546261,14510.952546261,0,14510.952546261,14510.952546261,14510.952546261
Sphingomonas aquatilis,1,14096.45839823,14096.45839823,0,14096.45839823,14096.45839823,14096.45839823
Providencia rettgeri,1,13704.599382,13704.599382,0,13704.599382,13704.599382,13704.599382
Corynebacterium kroppenstedtii,1,13696.592164158,13696.592164158,0,13696.592164158,13696.592164158,13696.592164158
Pseudomonas mendocina,1,13503.74142229,13503.74142229,0,13503.74142229,13503.74142229,13503.74142229
Paracoccus chinensis,1,13203.499881627,13203.499881627,0,13203.499881627,13203.499881627,13203.499881627
Methylobacterium aminovorans,1,13061.092351842,13061.092351842,0,13061.092351842,13061.092351842,13061.092351842
Methylobacterium mesophilicum,1,12972.60627065,12972.60627065,0,12972.60627065,12972.60627065,12972.60627065
Streptococcus gordonii,1,12693.0473676,12693.0473676,0,12693.0473676,12693.0473676,12693.0473676
Stenotrophomonas rhizophila,1,12209.31686516,12209.31686516,0,12209.31686516,12209.31686516,12209.31686516
Acinetobacter ursingii,1,12110.048927063,12110.048927063,0,12110.048927063,12110.048927063,12110.048927063
Faecalibacterium prausnitzii,1,11701.394213272,11701.394213272,0,11701.394213272,11701.394213272,11701.394213272
Lachnoanaerobaculum orale,1,11513.6503679,11513.6503679,0,11513.6503679,11513.6503679,11513.6503679
Methylobacterium oryzae,1,11191.868917778,11191.868917778,0,11191.868917778,11191.868917778,11191.868917778
Rothia dentocariosa,1,11087.435077893,11087.435077893,0,11087.435077893,11087.435077893,11087.435077893
Janibacter terrae,1,10705.8720431,10705.8720431,0,10705.8720431,10705.8720431,10705.8720431
Halobacillus naozhouensis,1,10650.82632,10650.82632,0,10650.82632,10650.82632,10650.82632
Acidovorax defluvii,1,10506.332586419,10506.332586419,0,10506.332586419,10506.332586419,10506.332586419
Brachybacterium conglomeratum,1,10473.60477958,10473.60477958,0,10473.60477958,10473.60477958,10473.60477958
Fusobacterium periodonticum,1,10180.85451435,10180.85451435,0,10180.85451435,10180.85451435,10180.85451435
Acinetobacter towneri,1,10164.32704972,10164.32704972,0,10164.32704972,10164.32704972,10164.32704972
Prevotella copri,1,9870.263827846,9870.263827846,0,9870.263827846,9870.263827846,9870.263827846
Pseudomonas toyotomiensis,1,9755.2190343,9755.2190343,0,9755.2190343,9755.2190343,9755.2190343
Stenotrophomonas acidaminiphila,1,9732.196369765,9732.196369765,0,9732.196369765,9732.196369765,9732.196369765
Methylobacterium dankookense,1,9627.859186022,9627.859186022,0,9627.859186022,9627.859186022,9627.859186022
Achromobacter denitrificans,1,9570.54738553,9570.54738553,0,9570.54738553,9570.54738553,9570.54738553
Brevundimonas aurantiaca,1,9282.07454787,9282.07454787,0,9282.07454787,9282.07454787,9282.07454787
Microbacterium oxydans,1,9194.721307929,9194.721307929,0,9194.721307929,9194.721307929,9194.721307929
Acinetobacter junii,1,9142.484624262,9142.484624262,0,9142.484624262,9142.484624262,9142.484624262
Microbacterium chocolatum,1,9117.334923611,9117.334923611,0,9117.334923611,9117.334923611,9117.334923611
Pseudomonas libanensis,1,9091.42865059,9091.42865059,0,9091.42865059,9091.42865059,9091.42865059
Weissella cibaria,1,8908.59343156,8908.59343156,0,8908.59343156,8908.59343156,8908.59343156
Shinella zoogloeoides,1,8899.1074022,8899.1074022,0,8899.1074022,8899.1074022,8899.1074022
Klebsiella pneumoniae,1,8886.29494828,8886.29494828,0,8886.29494828,8886.29494828,8886.29494828
Rhodococcus fascians,1,8864.875745806,8864.875745806,0,8864.875745806,8864.875745806,8864.875745806
Planomicrobium okeanokoites,1,8688.9202682,8688.9202682,0,8688.9202682,8688.9202682,8688.9202682
Pseudomonas viridiflava,1,8601.44938399,8601.44938399,0,8601.44938399,8601.44938399,8601.44938399
Cupriavidus gilardii,2,8440.16662396,4220.08331198,3497.70610657955,4220.08331198,6693.33501854,1746.83160542
Escherichia/Shigella fergusonii,1,8337.073741911,8337.073741911,0,8337.073741911,8337.073741911,8337.073741911
Brevibacterium epidermidis,1,8317.774324504,8317.774324504,0,8317.774324504,8317.774324504,8317.774324504
Staphylococcus haemolyticus,1,8300.00238222,8300.00238222,0,8300.00238222,8300.00238222,8300.00238222
Microbacterium aurum,1,8262.886325193,8262.886325193,0,8262.886325193,8262.886325193,8262.886325193
Staphylococcus warneri,1,8116.098067674,8116.098067674,0,8116.098067674,8116.098067674,8116.098067674
Lactobacillus sakei,1,7922.61577604,7922.61577604,0,7922.61577604,7922.61577604,7922.61577604
Sphingobacterium spiritivorum,1,7921.541062182,7921.541062182,0,7921.541062182,7921.541062182,7921.541062182
Skermanella aerolata,1,7809.65224998,7809.65224998,0,7809.65224998,7809.65224998,7809.65224998
Streptococcus parasanguinis,1,7451.29176392,7451.29176392,0,7451.29176392,7451.29176392,7451.29176392
Streptococcus pneumoniae,1,7449.24517367,7449.24517367,0,7449.24517367,7449.24517367,7449.24517367
Staphylococcus saprophyticus,1,7374.54281056,7374.54281056,0,7374.54281056,7374.54281056,7374.54281056
Sphingomonas melonis,1,7249.332579438,7249.332579438,0,7249.332579438,7249.332579438,7249.332579438
Halomonas sulfidaeris,1,7116.904061823,7116.904061823,0,7116.904061823,7116.904061823,7116.904061823
Lactobacillus amylovorus,1,7116.067706,7116.067706,0,7116.067706,7116.067706,7116.067706
Aeribacillus pallidus,1,7096.1117206,7096.1117206,0,7096.1117206,7096.1117206,7096.1117206
Streptococcus alactolyticus,1,7047.58849,7047.58849,0,7047.58849,7047.58849,7047.58849
Enterococcus faecium,1,6945.29656573,6945.29656573,0,6945.29656573,6945.29656573,6945.29656573
Leuconostoc pseudomesenteroides,1,6944.9593218,6944.9593218,0,6944.9593218,6944.9593218,6944.9593218
Pseudomonas fragi,1,6881.97048867,6881.97048867,0,6881.97048867,6881.97048867,6881.97048867
Flavobacterium lindanitolerans,1,6871.54650983,6871.54650983,0,6871.54650983,6871.54650983,6871.54650983
Acinetobacter parvus,1,6823.32975007,6823.32975007,0,6823.32975007,6823.32975007,6823.32975007
Kushneria indalinina,1,6726.1368,6726.1368,0,6726.1368,6726.1368,6726.1368
Rothia aeria,1,6723.858679575,6723.858679575,0,6723.858679575,6723.858679575,6723.858679575
Sphingomonas wittichii,1,6336.474628159,6336.474628159,0,6336.474628159,6336.474628159,6336.474628159
Bradyrhizobium liaoningense,1,6335.086973754,6335.086973754,0,6335.086973754,6335.086973754,6335.086973754
Arthrobacter oxydans,1,6308.182688457,6308.182688457,0,6308.182688457,6308.182688457,6308.182688457
Rothia terrae,1,6304.937781868,6304.937781868,0,6304.937781868,6304.937781868,6304.937781868
Aerococcus viridans,1,6226.3933093,6226.3933093,0,6226.3933093,6226.3933093,6226.3933093
Chryseobacterium hominis,1,6136.6191318,6136.6191318,0,6136.6191318,6136.6191318,6136.6191318
Veillonella parvula,1,6128.60360014,6128.60360014,0,6128.60360014,6128.60360014,6128.60360014
Cobetia marina,1,6119.86531651,6119.86531651,0,6119.86531651,6119.86531651,6119.86531651
Microbacterium aerolatum,1,6004.760641532,6004.760641532,0,6004.760641532,6004.760641532,6004.760641532
Methylobacterium aquaticum,1,5953.99051743,5953.99051743,0,5953.99051743,5953.99051743,5953.99051743
Collinsella aerofaciens,1,5952.79742796,5952.79742796,0,5952.79742796,5952.79742796,5952.79742796
Aeromonas veronii,1,5875.950414664,5875.950414664,0,5875.950414664,5875.950414664,5875.950414664
Sphingopyxis alaskensis,1,5859.76114788,5859.76114788,0,5859.76114788,5859.76114788,5859.76114788
Streptococcus australis,1,5706.70220786,5706.70220786,0,5706.70220786,5706.70220786,5706.70220786
Citrobacter freundii,1,5533.669983472,5533.669983472,0,5533.669983472,5533.669983472,5533.669983472
Nocardioides ganghwensis,1,5500.05811413,5500.05811413,0,5500.05811413,5500.05811413,5500.05811413
Pseudomonas alcaligenes,1,5472.96774379,5472.96774379,0,5472.96774379,5472.96774379,5472.96774379
Pantoea agglomerans,2,5401.928929,2700.9644645,3186.18730221967,2700.9644645,4953.93911203,447.98981697
Pseudomonas argentinensis,1,5362.70300691,5362.70300691,0,5362.70300691,5362.70300691,5362.70300691
Janibacter hoylei,1,5342.55105,5342.55105,0,5342.55105,5342.55105,5342.55105
Massilia aurea,1,5291.54809374,5291.54809374,0,5291.54809374,5291.54809374,5291.54809374
Pseudomonas baetica,1,5230.538264357,5230.538264357,0,5230.538264357,5230.538264357,5230.538264357
Bosea thiooxidans,1,5140.62154196,5140.62154196,0,5140.62154196,5140.62154196,5140.62154196
Geodermatophilus obscurus,1,5091.1784638,5091.1784638,0,5091.1784638,5091.1784638,5091.1784638
Sphingomonas mucosissima,1,5005.32615598,5005.32615598,0,5005.32615598,5005.32615598,5005.32615598
Brevundimonas subvibrioides,1,4942.553464,4942.553464,0,4942.553464,4942.553464,4942.553464
Chryseomicrobium imtechense,1,4934.1070695,4934.1070695,0,4934.1070695,4934.1070695,4934.1070695
Hymenobacter gelipurpurascens,1,4860.4040762,4860.4040762,0,4860.4040762,4860.4040762,4860.4040762
Methylobacterium oxalidis,1,4745.166040224,4745.166040224,0,4745.166040224,4745.166040224,4745.166040224
Neisseria macacae,1,4515.928959563,4515.928959563,0,4515.928959563,4515.928959563,4515.928959563
Weissella confusa,1,4473.899832216,4473.899832216,0,4473.899832216,4473.899832216,4473.899832216
Streptococcus oralis,1,4467.177076459,4467.177076459,0,4467.177076459,4467.177076459,4467.177076459
Pseudomonas migulae,1,4352.21469642,4352.21469642,0,4352.21469642,4352.21469642,4352.21469642
Corynebacterium minutissimum,1,4340.118554,4340.118554,0,4340.118554,4340.118554,4340.118554
Fusobacterium nucleatum,1,4322.968773574,4322.968773574,0,4322.968773574,4322.968773574,4322.968773574
Microbacterium lacticum,1,4217.40954791,4217.40954791,0,4217.40954791,4217.40954791,4217.40954791
Prevotella timonensis,1,4138.190438113,4138.190438113,0,4138.190438113,4138.190438113,4138.190438113
Corynebacterium accolens,1,4107.82820964,4107.82820964,0,4107.82820964,4107.82820964,4107.82820964
Brevibacterium linens,1,4102.7997279,4102.7997279,0,4102.7997279,4102.7997279,4102.7997279
Kocuria marina,1,4053.04084009,4053.04084009,0,4053.04084009,4053.04084009,4053.04084009
Staphylococcus equorum,1,4001.8535901,4001.8535901,0,4001.8535901,4001.8535901,4001.8535901
Psychrobacter cryohalolentis,1,3992.48778604,3992.48778604,0,3992.48778604,3992.48778604,3992.48778604
Carnobacterium viridans,1,3985.84779822,3985.84779822,0,3985.84779822,3985.84779822,3985.84779822
Comamonas aquatica,1,3963.046670386,3963.046670386,0,3963.046670386,3963.046670386,3963.046670386
Granulicatella adiacens,1,3870.67671597,3870.67671597,0,3870.67671597,3870.67671597,3870.67671597
Kocuria atrinae,1,3867.198852108,3867.198852108,0,3867.198852108,3867.198852108,3867.198852108
Aeromonas hydrophila,1,3851.0289303001,3851.0289303001,0,3851.0289303001,3851.0289303001,3851.0289303001
Microbacterium foliorum,1,3840.44004423,3840.44004423,0,3840.44004423,3840.44004423,3840.44004423
Sphingomonas desiccabilis,1,3815.4162561,3815.4162561,0,3815.4162561,3815.4162561,3815.4162561
Haloanella gallinarum,1,3770.165514,3770.165514,0,3770.165514,3770.165514,3770.165514
Staphylococcus cohnii,1,3747.97288401,3747.97288401,0,3747.97288401,3747.97288401,3747.97288401
Sphingomonas leidyi,1,3741.65607808,3741.65607808,0,3741.65607808,3741.65607808,3741.65607808
Atopobium vaginae,1,3709.9763235,3709.9763235,0,3709.9763235,3709.9763235,3709.9763235
Pseudorhodoferax soli,1,3684.384948,3684.384948,0,3684.384948,3684.384948,3684.384948
Sphingobacterium daejeonense,1,3667.2891638,3667.2891638,0,3667.2891638,3667.2891638,3667.2891638
Shinella kummerowiae,1,3665.111092,3665.111092,0,3665.111092,3665.111092,3665.111092
Daeguia caeni,1,3616.57701437,3616.57701437,0,3616.57701437,3616.57701437,3616.57701437
Sphingobium xenophagum,1,3556.1352174,3556.1352174,0,3556.1352174,3556.1352174,3556.1352174
Brevundimonas mediterranea,1,3486.013936,3486.013936,0,3486.013936,3486.013936,3486.013936
Cellulomonas uda,1,3410.491318346,3410.491318346,0,3410.491318346,3410.491318346,3410.491318346
Arthrobacter globiformis,1,3405.44620998,3405.44620998,0,3405.44620998,3405.44620998,3405.44620998
Neisseria perflava,1,3400.3157540691,3400.3157540691,0,3400.3157540691,3400.3157540691,3400.3157540691
Brevundimonas bullata,1,3392.21117435,3392.21117435,0,3392.21117435,3392.21117435,3392.21117435
Lactobacillus graminis,1,3392.1387281,3392.1387281,0,3392.1387281,3392.1387281,3392.1387281
Xanthobacter flavus,1,3360.79258163,3360.79258163,0,3360.79258163,3360.79258163,3360.79258163
Corynebacterium xerosis,1,3355.06575077,3355.06575077,0,3355.06575077,3355.06575077,3355.06575077
Staphylococcus auricularis,1,3353.76966403,3353.76966403,0,3353.76966403,3353.76966403,3353.76966403
Schlegelella aquatica,1,3305.62892373,3305.62892373,0,3305.62892373,3305.62892373,3305.62892373
Acinetobacter beijerinckii,1,3210.8858724,3210.8858724,0,3210.8858724,3210.8858724,3210.8858724
Mycobacterium vaccae,1,3207.91986422,3207.91986422,0,3207.91986422,3207.91986422,3207.91986422
Corynebacterium appendicis,1,3193.09363,3193.09363,0,3193.09363,3193.09363,3193.09363
Methylobacterium fujisawaense,1,3183.88081735,3183.88081735,0,3183.88081735,3183.88081735,3183.88081735
Corynebacterium pseudodiphtheriticum,1,3165.128761948,3165.128761948,0,3165.128761948,3165.128761948,3165.128761948
Bergeyella zoohelcum,1,3148.957157857,3148.957157857,0,3148.957157857,3148.957157857,3148.957157857
Shinella granuli,1,3090.09516836,3090.09516836,0,3090.09516836,3090.09516836,3090.09516836
Staphylococcus pasteuri,1,3072.52521,3072.52521,0,3072.52521,3072.52521,3072.52521
Cellulomonas xylanilytica,1,3059.879723947,3059.879723947,0,3059.879723947,3059.879723947,3059.879723947
Corynebacterium stationis,1,3036.39210002,3036.39210002,0,3036.39210002,3036.39210002,3036.39210002
Gordonia terrae,1,3034.62951,3034.62951,0,3034.62951,3034.62951,3034.62951
Porphyromonas gingivalis,1,3015.36669972,3015.36669972,0,3015.36669972,3015.36669972,3015.36669972
Streptococcus dentisani,1,3005.6637283,3005.6637283,0,3005.6637283,3005.6637283,3005.6637283
Pseudomonas syringae,1,3004.461479674,3004.461479674,0,3004.461479674,3004.461479674,3004.461479674
Myxococcus virescens,1,2993.2002359,2993.2002359,0,2993.2002359,2993.2002359,2993.2002359
Massilia timonae,1,2992.735678233,2992.735678233,0,2992.735678233,2992.735678233,2992.735678233
Streptococcus gallolyticus,1,2989.097092,2989.097092,0,2989.097092,2989.097092,2989.097092
Corynebacterium durum,1,2988.379356448,2988.379356448,0,2988.379356448,2988.379356448,2988.379356448
Capnocytophaga sputigena,1,2963.80412641,2963.80412641,0,2963.80412641,2963.80412641,2963.80412641
Aeromonas caviae,1,2921.1087656,2921.1087656,0,2921.1087656,2921.1087656,2921.1087656
Pseudomonas otitidis,1,2900.331544128,2900.331544128,0,2900.331544128,2900.331544128,2900.331544128
Curvibacter gracilis,1,2892.015244,2892.015244,0,2892.015244,2892.015244,2892.015244
Lactobacillus pontis,1,2876.282998,2876.282998,0,2876.282998,2876.282998,2876.282998
Acidovorax temperans,1,2852.919698237,2852.919698237,0,2852.919698237,2852.919698237,2852.919698237
Deinococcus gobiensis,1,2839.307524,2839.307524,0,2839.307524,2839.307524,2839.307524
Brevibacterium casei,1,2704.13657389,2704.13657389,0,2704.13657389,2704.13657389,2704.13657389
Bacteroides fragilis,1,2672.0003244,2672.0003244,0,2672.0003244,2672.0003244,2672.0003244
Desemzia incerta,1,2669.026272159,2669.026272159,0,2669.026272159,2669.026272159,2669.026272159
Actinomyces naeslundii,1,2666.52098793,2666.52098793,0,2666.52098793,2666.52098793,2666.52098793
Sphingobacterium multivorum,1,2632.06520168,2632.06520168,0,2632.06520168,2632.06520168,2632.06520168
Corynebacterium variabile,1,2630.65333381,2630.65333381,0,2630.65333381,2630.65333381,2630.65333381
Leuconostoc mesenteroides,1,2593.00279416,2593.00279416,0,2593.00279416,2593.00279416,2593.00279416
Prevotella disiens,1,2585.2751257,2585.2751257,0,2585.2751257,2585.2751257,2585.2751257
Kocuria carniphila,1,2580.8966683,2580.8966683,0,2580.8966683,2580.8966683,2580.8966683
Pseudomonas alcaliphila,1,2571.41439002,2571.41439002,0,2571.41439002,2571.41439002,2571.41439002
Pseudomonas nitroreducens,1,2554.293408304,2554.293408304,0,2554.293408304,2554.293408304,2554.293408304
Bacillus flexus,2,2552.90006709,1276.450033545,1713.0148300267,1276.450033545,2487.73443613,65.16563096
Caulobacter vibrioides,1,2545.699204145,2545.699204145,0,2545.699204145,2545.699204145,2545.699204145
Arthrobacter aurescens,1,2538.9916117,2538.9916117,0,2538.9916117,2538.9916117,2538.9916117
Cellulomonas hominis,1,2538.66494768,2538.66494768,0,2538.66494768,2538.66494768,2538.66494768
Lactobacillus gasseri,1,2531.5561199,2531.5561199,0,2531.5561199,2531.5561199,2531.5561199
Pseudomonas monteilii,1,2513.02189192,2513.02189192,0,2513.02189192,2513.02189192,2513.02189192
Alcanivorax dieselolei,1,2495.41219816,2495.41219816,0,2495.41219816,2495.41219816,2495.41219816
Brachybacterium muris,1,2430.12354367,2430.12354367,0,2430.12354367,2430.12354367,2430.12354367
Leptotrichia buccalis,1,2430.00276841,2430.00276841,0,2430.00276841,2430.00276841,2430.00276841
Alistipes finegoldii,1,2423.293954,2423.293954,0,2423.293954,2423.293954,2423.293954
Kocuria kristinae,1,2423.1557359,2423.1557359,0,2423.1557359,2423.1557359,2423.1557359
Chryseobacterium arthrosphaerae,1,2417.7624216,2417.7624216,0,2417.7624216,2417.7624216,2417.7624216
Jeotgalicoccus psychrophilus,1,2414.59125204,2414.59125204,0,2414.59125204,2414.59125204,2414.59125204
Sphingobium yanoikuyae,1,2391.2887564,2391.2887564,0,2391.2887564,2391.2887564,2391.2887564
Psychrobacter alimentarius,1,2389.774558,2389.774558,0,2389.774558,2389.774558,2389.774558
Gemella haemolysans,1,2360.0525364,2360.0525364,0,2360.0525364,2360.0525364,2360.0525364
Staphylococcus pettenkoferi,1,2359.503105694,2359.503105694,0,2359.503105694,2359.503105694,2359.503105694
Pseudomonas mucidolens,1,2345.7574057,2345.7574057,0,2345.7574057,2345.7574057,2345.7574057
Aeromonas media,1,2340.248344,2340.248344,0,2340.248344,2340.248344,2340.248344
Lactobacillus kitasatonis,1,2318.841994,2318.841994,0,2318.841994,2318.841994,2318.841994
Acinetobacter haemolyticus,1,2306.14768597,2306.14768597,0,2306.14768597,2306.14768597,2306.14768597
Mycobacterium celatum,1,2298.69291568,2298.69291568,0,2298.69291568,2298.69291568,2298.69291568
Bacillus nanhaiensis,1,2255.2671476,2255.2671476,0,2255.2671476,2255.2671476,2255.2671476
Shewanella putrefaciens,1,2236.6895121,2236.6895121,0,2236.6895121,2236.6895121,2236.6895121
Micromonospora aurantiaca,1,2224.4633198,2224.4633198,0,2224.4633198,2224.4633198,2224.4633198
Aminobacter aminovorans,1,2205.48552012,2205.48552012,0,2205.48552012,2205.48552012,2205.48552012
Clostridium butyricum,1,2180.40568,2180.40568,0,2180.40568,2180.40568,2180.40568
Pseudomonas balearica,1,2137.493334043,2137.493334043,0,2137.493334043,2137.493334043,2137.493334043
Haemophilus influenzae,1,2132.74603161,2132.74603161,0,2132.74603161,2132.74603161,2132.74603161
Achromobacter piechaudii,1,2110.7908164,2110.7908164,0,2110.7908164,2110.7908164,2110.7908164
Psychrobacter sanguinis,1,2075.34748356,2075.34748356,0,2075.34748356,2075.34748356,2075.34748356
Staphylococcus arlettae,1,2075.15163034,2075.15163034,0,2075.15163034,2075.15163034,2075.15163034
Bosea massiliensis,1,2036.03800567,2036.03800567,0,2036.03800567,2036.03800567,2036.03800567
Aureimonas altamirensis,1,2026.44416602,2026.44416602,0,2026.44416602,2026.44416602,2026.44416602
Enterococcus cecorum,1,2018.87120958,2018.87120958,0,2018.87120958,2018.87120958,2018.87120958
Paracoccus homiensis,1,1982.89073564,1982.89073564,0,1982.89073564,1982.89073564,1982.89073564
Shewanella decolorationis,1,1981.90934979,1981.90934979,0,1981.90934979,1981.90934979,1981.90934979
Comamonas testosteroni,1,1960.8697572,1960.8697572,0,1960.8697572,1960.8697572,1960.8697572
Bacillus anthracis,1,1952.751654,1952.751654,0,1952.751654,1952.751654,1952.751654
Rhodococcus globerulus,1,1940.29324359,1940.29324359,0,1940.29324359,1940.29324359,1940.29324359
Paracoccus seriniphilus,1,1927.20959197,1927.20959197,0,1927.20959197,1927.20959197,1927.20959197
Prevotella intermedia,1,1911.17612001,1911.17612001,0,1911.17612001,1911.17612001,1911.17612001
Bacillus cereus,1,1910.4998203,1910.4998203,0,1910.4998203,1910.4998203,1910.4998203
Clostridium bartlettii,1,1903.41991654,1903.41991654,0,1903.41991654,1903.41991654,1903.41991654
Psychrobacter pulmonis,1,1890.618051935,1890.618051935,0,1890.618051935,1890.618051935,1890.618051935
Pseudoalteromonas elyakovii,1,1883.882565,1883.882565,0,1883.882565,1883.882565,1883.882565
Methylobacterium populi,1,1874.8295797,1874.8295797,0,1874.8295797,1874.8295797,1874.8295797
Staphylococcus aureus,1,1874.33089703,1874.33089703,0,1874.33089703,1874.33089703,1874.33089703
Deinococcus wulumuqiensis,1,1874.26650987,1874.26650987,0,1874.26650987,1874.26650987,1874.26650987
Pelomonas saccharophila,1,1839.103220783,1839.103220783,0,1839.103220783,1839.103220783,1839.103220783
Actinomyces odontolyticus,1,1815.633538394,1815.633538394,0,1815.633538394,1815.633538394,1815.633538394
Sphingomonas koreensis,1,1790.93656338,1790.93656338,0,1790.93656338,1790.93656338,1790.93656338
Achromobacter xylosoxidans,1,1785.2069156,1785.2069156,0,1785.2069156,1785.2069156,1785.2069156
Staphylococcus caprae,1,1775.58731919,1775.58731919,0,1775.58731919,1775.58731919,1775.58731919
Weissella soli,1,1770.9898294,1770.9898294,0,1770.9898294,1770.9898294,1770.9898294
Sphingomonas yanoikuyae,1,1770.9479192,1770.9479192,0,1770.9479192,1770.9479192,1770.9479192
Capnocytophaga ochracea,1,1754.13894,1754.13894,0,1754.13894,1754.13894,1754.13894
Pantoea anthophila,1,1742.33569097,1742.33569097,0,1742.33569097,1742.33569097,1742.33569097
Corynebacterium mucifaciens,1,1729.2677821,1729.2677821,0,1729.2677821,1729.2677821,1729.2677821
Prevotella bivia,1,1724.9684952,1724.9684952,0,1724.9684952,1724.9684952,1724.9684952
Rubellimicrobium roseum,1,1685.6158284,1685.6158284,0,1685.6158284,1685.6158284,1685.6158284
Aerococcus urinaeequi,1,1672.6338308,1672.6338308,0,1672.6338308,1672.6338308,1672.6338308
Chelatococcus daeguensis,1,1671.980463,1671.980463,0,1671.980463,1671.980463,1671.980463
Aeromonas punctata,1,1669.3303454,1669.3303454,0,1669.3303454,1669.3303454,1669.3303454
Curtobacterium flaccumfaciens,1,1655.1866571,1655.1866571,0,1655.1866571,1655.1866571,1655.1866571
Mycobacterium moriokaense,1,1653.0761346,1653.0761346,0,1653.0761346,1653.0761346,1653.0761346
Capnocytophaga leadbetteri,1,1649.7997738,1649.7997738,0,1649.7997738,1649.7997738,1649.7997738
Pseudomonas jessenii,1,1585.025227174,1585.025227174,0,1585.025227174,1585.025227174,1585.025227174
Brevibacterium iodinum,1,1577.4697792,1577.4697792,0,1577.4697792,1577.4697792,1577.4697792
Enterobacter cancerogenus,1,1553.44148044,1553.44148044,0,1553.44148044,1553.44148044,1553.44148044
Neisseria subflava,1,1549.627133392,1549.627133392,0,1549.627133392,1549.627133392,1549.627133392
Brachybacterium squillarum,1,1549.216983763,1549.216983763,0,1549.216983763,1549.216983763,1549.216983763
Bacillus selenatarsenatis,1,1542.36695471,1542.36695471,0,1542.36695471,1542.36695471,1542.36695471
Roseomonas aestuarii,1,1534.4473628,1534.4473628,0,1534.4473628,1534.4473628,1534.4473628
Hydrogenophaga intermedia,1,1525.11270295,1525.11270295,0,1525.11270295,1525.11270295,1525.11270295
Brevibacterium luteolum,1,1493.5837922,1493.5837922,0,1493.5837922,1493.5837922,1493.5837922
Staphylococcus capitis,1,1488.23585166,1488.23585166,0,1488.23585166,1488.23585166,1488.23585166
Agrococcus jenensis,1,1485.3778002,1485.3778002,0,1485.3778002,1485.3778002,1485.3778002
Modestobacter multiseptatus,1,1477.062885,1477.062885,0,1477.062885,1477.062885,1477.062885
Azospirillum brasilense,1,1467.5405806,1467.5405806,0,1467.5405806,1467.5405806,1467.5405806
Bosea lupini,1,1436.666867603,1436.666867603,0,1436.666867603,1436.666867603,1436.666867603
Brevundimonas kwangchunensis,1,1431.3693552,1431.3693552,0,1431.3693552,1431.3693552,1431.3693552
Gluconobacter cerinus,1,1421.098671,1421.098671,0,1421.098671,1421.098671,1421.098671
Leuconostoc citreum,1,1420.5500333532,1420.5500333532,0,1420.5500333532,1420.5500333532,1420.5500333532
Amaricoccus kaplicensis,1,1407.935245,1407.935245,0,1407.935245,1407.935245,1407.935245
Arthrobacter subterraneus,1,1403.2571277,1403.2571277,0,1403.2571277,1403.2571277,1403.2571277
Xanthomonas campestris,1,1400.61615779,1400.61615779,0,1400.61615779,1400.61615779,1400.61615779
Bacillus thermoamylovorans,1,1382.17332626,1382.17332626,0,1382.17332626,1382.17332626,1382.17332626
Burkholderia cepacia,1,1375.22847612,1375.22847612,0,1375.22847612,1375.22847612,1375.22847612
Prevotella buccalis,1,1369.9845922,1369.9845922,0,1369.9845922,1369.9845922,1369.9845922
Methylotenera mobilis,1,1369.9319753,1369.9319753,0,1369.9319753,1369.9319753,1369.9319753
Noviherbaspirillum aurantiacum,1,1365.614317859,1365.614317859,0,1365.614317859,1365.614317859,1365.614317859
Mycobacterium monacense,1,1365.4185422,1365.4185422,0,1365.4185422,1365.4185422,1365.4185422
Psychrobacter maritimus,1,1362.8235218,1362.8235218,0,1362.8235218,1362.8235218,1362.8235218
Streptococcus cristatus,1,1348.80473137,1348.80473137,0,1348.80473137,1348.80473137,1348.80473137
Photobacterium kishitanii,1,1335.017912,1335.017912,0,1335.017912,1335.017912,1335.017912
Abiotrophia defectiva,1,1317.840146,1317.840146,0,1317.840146,1317.840146,1317.840146
Salinicoccus roseus,1,1288.799383328,1288.799383328,0,1288.799383328,1288.799383328,1288.799383328
Xanthomonas oryzae,1,1277.27568059,1277.27568059,0,1277.27568059,1277.27568059,1277.27568059
Rhizobium etli,1,1270.1748706,1270.1748706,0,1270.1748706,1270.1748706,1270.1748706
Ralstonia solanacearum,1,1252.53937958,1252.53937958,0,1252.53937958,1252.53937958,1252.53937958
Pectobacterium carotovorum,1,1247.4857234,1247.4857234,0,1247.4857234,1247.4857234,1247.4857234
Ruminococcus gnavus,1,1242.28661693,1242.28661693,0,1242.28661693,1242.28661693,1242.28661693
Bhargavaea beijingensis,1,1222.9413774,1222.9413774,0,1222.9413774,1222.9413774,1222.9413774
Arcobacter cryaerophilus,1,1222.25996372,1222.25996372,0,1222.25996372,1222.25996372,1222.25996372
Paenochrobactrum gallinarii,1,1215.6867948,1215.6867948,0,1215.6867948,1215.6867948,1215.6867948
Paracoccus marinus,1,1209.729114217,1209.729114217,0,1209.729114217,1209.729114217,1209.729114217
Moraxella catarrhalis,1,1199.6462116,1199.6462116,0,1199.6462116,1199.6462116,1199.6462116
Methylobacterium zatmanii,1,1197.723685238,1197.723685238,0,1197.723685238,1197.723685238,1197.723685238
Arthrobacter agilis,1,1192.7475616,1192.7475616,0,1192.7475616,1192.7475616,1192.7475616
Sphingomonas azotifigens,1,1176.464139215,1176.464139215,0,1176.464139215,1176.464139215,1176.464139215
Pseudomonas oryzihabitans,1,1162.349815612,1162.349815612,0,1162.349815612,1162.349815612,1162.349815612
Leuconostoc carnosum,1,1146.7148744,1146.7148744,0,1146.7148744,1146.7148744,1146.7148744
Methylobacterium phyllosphaerae,1,1128.59810754,1128.59810754,0,1128.59810754,1128.59810754,1128.59810754
Staphylococcus xylosus,1,1128.4727112,1128.4727112,0,1128.4727112,1128.4727112,1128.4727112
Lysobacter brunescens,1,1115.72790017,1115.72790017,0,1115.72790017,1115.72790017,1115.72790017
Bacillus subtilis,1,1115.7143908,1115.7143908,0,1115.7143908,1115.7143908,1115.7143908
Chryseobacterium anthropi,1,1115.4014718,1115.4014718,0,1115.4014718,1115.4014718,1115.4014718
Vagococcus fluvialis,1,1113.3288152,1113.3288152,0,1113.3288152,1113.3288152,1113.3288152
Mycobacterium frederiksbergense,1,1106.39548243,1106.39548243,0,1106.39548243,1106.39548243,1106.39548243
Haematobacter massiliensis,1,1104.9777432,1104.9777432,0,1104.9777432,1104.9777432,1104.9777432
Erythrobacter citreus,1,1085.28134169,1085.28134169,0,1085.28134169,1085.28134169,1085.28134169
Leuconostoc kimchii,1,1082.6707836,1082.6707836,0,1082.6707836,1082.6707836,1082.6707836
Bacillus muralis,1,1082.1635972,1082.1635972,0,1082.1635972,1082.1635972,1082.1635972
Elizabethkingia meningoseptica,1,1080.2788624,1080.2788624,0,1080.2788624,1080.2788624,1080.2788624
Corynebacterium singulare,1,1075.78819761,1075.78819761,0,1075.78819761,1075.78819761,1075.78819761
Ochrobactrum haematophilum,1,1067.52657255,1067.52657255,0,1067.52657255,1067.52657255,1067.52657255
Microbacterium schleiferi,1,1058.8287646,1058.8287646,0,1058.8287646,1058.8287646,1058.8287646
Roseomonas vinacea,1,1056.9988054,1056.9988054,0,1056.9988054,1056.9988054,1056.9988054
Bacillus niacini,1,1051.189939,1051.189939,0,1051.189939,1051.189939,1051.189939
Deinococcus aquatilis,1,1043.8386016,1043.8386016,0,1043.8386016,1043.8386016,1043.8386016
Ruminococcus torques,1,1043.649118,1043.649118,0,1043.649118,1043.649118,1043.649118
Corynebacterium sundsvallense,1,1037.06610481,1037.06610481,0,1037.06610481,1037.06610481,1037.06610481
Stenotrophomonas chelatiphaga,1,1031.2353866,1031.2353866,0,1031.2353866,1031.2353866,1031.2353866
Prevotella oris,1,1025.68205619,1025.68205619,0,1025.68205619,1025.68205619,1025.68205619
Streptococcus rubneri,1,1017.20205299,1017.20205299,0,1017.20205299,1017.20205299,1017.20205299
Agromyces mediolanus,1,1013.82311402,1013.82311402,0,1013.82311402,1013.82311402,1013.82311402
Solibacillus silvestris,1,1008.3454516,1008.3454516,0,1008.3454516,1008.3454516,1008.3454516
Aggregatibacter aphrophilus,1,1000.91839678,1000.91839678,0,1000.91839678,1000.91839678,1000.91839678
Belnapia rosea,1,998.6950144,998.6950144,0,998.6950144,998.6950144,998.6950144
Lactobacillus sanfranciscensis,1,993.733535,993.733535,0,993.733535,993.733535,993.733535
Aureimonas phyllosphaerae,1,993.00962722,993.00962722,0,993.00962722,993.00962722,993.00962722
Brevundimonas staleyi,1,984.939460009,984.939460009,0,984.939460009,984.939460009,984.939460009
Sphingomonas mali,1,980.38026601,980.38026601,0,980.38026601,980.38026601,980.38026601
Rahnella aquatilis,1,968.84179673,968.84179673,0,968.84179673,968.84179673,968.84179673
Arthrobacter arilaitensis,1,968.8132734,968.8132734,0,968.8132734,968.8132734,968.8132734
Methylobacterium tardum,1,957.41638184,957.41638184,0,957.41638184,957.41638184,957.41638184
Pantoea vagans,1,955.2812094,955.2812094,0,955.2812094,955.2812094,955.2812094
Porphyromonas endodontalis,1,954.9379742,954.9379742,0,954.9379742,954.9379742,954.9379742
Enterobacter asburiae,1,945.01986042,945.01986042,0,945.01986042,945.01986042,945.01986042
Comamonas thiooxydans,1,940.42396226,940.42396226,0,940.42396226,940.42396226,940.42396226
Roseomonas pecuniae,1,938.720195,938.720195,0,938.720195,938.720195,938.720195
Sphingobacterium faecium,1,929.8693564,929.8693564,0,929.8693564,929.8693564,929.8693564
Asticcacaulis excentricus,1,925.307391,925.307391,0,925.307391,925.307391,925.307391
Corynebacterium striatum,1,924.2682201,924.2682201,0,924.2682201,924.2682201,924.2682201
Bhargavaea cecembensis,1,917.03818326,917.03818326,0,917.03818326,917.03818326,917.03818326
Mesorhizobium ciceri,1,907.89016,907.89016,0,907.89016,907.89016,907.89016
Parabacteroides distasonis,1,907.794558,907.794558,0,907.794558,907.794558,907.794558
Prevotella nanceiensis,1,907.0167706,907.0167706,0,907.0167706,907.0167706,907.0167706
Arthrobacter polychromogenes,1,904.6812016,904.6812016,0,904.6812016,904.6812016,904.6812016
Streptococcus peroris,1,895.67005741,895.67005741,0,895.67005741,895.67005741,895.67005741
Sphingomonas alpina,1,888.4383236,888.4383236,0,888.4383236,888.4383236,888.4383236
Brevundimonas bacteroides,1,881.4044326,881.4044326,0,881.4044326,881.4044326,881.4044326
Campylobacter concisus,1,879.10472695,879.10472695,0,879.10472695,879.10472695,879.10472695
Nocardioides mesophilus,1,874.54372798,874.54372798,0,874.54372798,874.54372798,874.54372798
Empedobacter falsenii,1,863.7521924,863.7521924,0,863.7521924,863.7521924,863.7521924
Corynebacterium lipophiloflavum,1,856.918474,856.918474,0,856.918474,856.918474,856.918474
Rothia nasimurium,1,822.747428648,822.747428648,0,822.747428648,822.747428648,822.747428648
Sphingobacterium hotanense,1,821.533490578,821.533490578,0,821.533490578,821.533490578,821.533490578
Arcobacter nitrofigilis,1,816.9236688,816.9236688,0,816.9236688,816.9236688,816.9236688
Planococcus maitriensis,1,816.1628014,816.1628014,0,816.1628014,816.1628014,816.1628014
Carnobacterium maltaromaticum,1,812.06709102,812.06709102,0,812.06709102,812.06709102,812.06709102
Ancylobacter dichloromethanicus,1,810.1045448,810.1045448,0,810.1045448,810.1045448,810.1045448
Clostridium celerecrescens,1,803.6483787,803.6483787,0,803.6483787,803.6483787,803.6483787
Treponema socranskii,1,795.2837598,795.2837598,0,795.2837598,795.2837598,795.2837598
Geobacillus kaustophilus,1,793.7980096,793.7980096,0,793.7980096,793.7980096,793.7980096
Aequorivita antarctica,1,792.05812742,792.05812742,0,792.05812742,792.05812742,792.05812742
Parabacteroides merdae,1,783.84586504,783.84586504,0,783.84586504,783.84586504,783.84586504
Bacteroides massiliensis,1,782.346587,782.346587,0,782.346587,782.346587,782.346587
Sphingobacterium nematocida,1,780.460061,780.460061,0,780.460061,780.460061,780.460061
Staphylococcus sciuri,1,779.19627995,779.19627995,0,779.19627995,779.19627995,779.19627995
Dietzia maris,1,769.2007256,769.2007256,0,769.2007256,769.2007256,769.2007256
Streptomyces albidoflavus,1,767.7744776,767.7744776,0,767.7744776,767.7744776,767.7744776
Prevotella nigrescens,1,767.2832824,767.2832824,0,767.2832824,767.2832824,767.2832824
Actinomyces massiliensis,1,765.59020138,765.59020138,0,765.59020138,765.59020138,765.59020138
Microbacterium paraoxydans,1,764.62467337,764.62467337,0,764.62467337,764.62467337,764.62467337
Enterobacter aerogenes,1,761.9341984,761.9341984,0,761.9341984,761.9341984,761.9341984
Bacillus nealsonii,1,754.7488398,754.7488398,0,754.7488398,754.7488398,754.7488398
Ketogulonicigenium vulgare,1,748.50333,748.50333,0,748.50333,748.50333,748.50333
Halomonas venusta,1,747.4322717916,747.4322717916,0,747.4322717916,747.4322717916,747.4322717916
Salmonella enterica,1,739.1868402,739.1868402,0,739.1868402,739.1868402,739.1868402
Vibrio rumoiensis,1,732.2399497,732.2399497,0,732.2399497,732.2399497,732.2399497
Exiguobacterium aurantiacum,1,732.007004,732.007004,0,732.007004,732.007004,732.007004
Lactobacillus salivarius,1,728.894664786,728.894664786,0,728.894664786,728.894664786,728.894664786
Bifidobacterium longum,1,727.80306567,727.80306567,0,727.80306567,727.80306567,727.80306567
Azospira oryzae,1,715.2982808,715.2982808,0,715.2982808,715.2982808,715.2982808
Staphylococcus lugdunensis,1,714.57004687,714.57004687,0,714.57004687,714.57004687,714.57004687
Rheinheimera tangshanensis,1,710.4134226,710.4134226,0,710.4134226,710.4134226,710.4134226
Microbacterium barkeri,1,705.746374,705.746374,0,705.746374,705.746374,705.746374
Megasphaera elsdenii,1,703.6431764,703.6431764,0,703.6431764,703.6431764,703.6431764
Klebsiella oxytoca,1,702.184189,702.184189,0,702.184189,702.184189,702.184189
Petrobacter succinatimandens,1,700.967094443,700.967094443,0,700.967094443,700.967094443,700.967094443
Neisseria oralis,1,700.034897361,700.034897361,0,700.034897361,700.034897361,700.034897361
Novosphingobium barchaimii,1,697.75933864,697.75933864,0,697.75933864,697.75933864,697.75933864
Janthinobacterium lividum,1,690.779587994,690.779587994,0,690.779587994,690.779587994,690.779587994
Tatumella terrea,1,690.6735082,690.6735082,0,690.6735082,690.6735082,690.6735082
Lactobacillus zeae,1,689.42090933,689.42090933,0,689.42090933,689.42090933,689.42090933
Chryseobacterium daeguense,1,667.1688844,667.1688844,0,667.1688844,667.1688844,667.1688844
Acidovorax oryzae,1,666.4118574,666.4118574,0,666.4118574,666.4118574,666.4118574
Exiguobacterium mexicanum,1,666.1956486,666.1956486,0,666.1956486,666.1956486,666.1956486
Haemophilus haemolyticus,1,662.55761067,662.55761067,0,662.55761067,662.55761067,662.55761067
Salinibacterium amurskyense,1,661.8233982,661.8233982,0,661.8233982,661.8233982,661.8233982
Moryella indoligenes,1,661.5616014,661.5616014,0,661.5616014,661.5616014,661.5616014
Pseudomonas moraviensis,1,660.5583622,660.5583622,0,660.5583622,660.5583622,660.5583622
Neisseria meningitidis,1,659.76851283,659.76851283,0,659.76851283,659.76851283,659.76851283
Arthrobacter oryzae,1,656.3869118,656.3869118,0,656.3869118,656.3869118,656.3869118
Geobacillus toebii,1,655.77456844,655.77456844,0,655.77456844,655.77456844,655.77456844
Nitrobacter winogradskyi,1,654.0236604,654.0236604,0,654.0236604,654.0236604,654.0236604
Methyloversatilis universalis,1,649.581925042,649.581925042,0,649.581925042,649.581925042,649.581925042
Chryseomicrobium amylolyticum,1,639.297643,639.297643,0,639.297643,639.297643,639.297643
Brevibacterium pityocampae,1,633.9622786,633.9622786,0,633.9622786,633.9622786,633.9622786
Corynebacterium casei,1,628.5858436,628.5858436,0,628.5858436,628.5858436,628.5858436
Enterobacter hormaechei,1,624.2398538,624.2398538,0,624.2398538,624.2398538,624.2398538
Cellulomonas cellasea,1,621.46175506,621.46175506,0,621.46175506,621.46175506,621.46175506
Tannerella forsythia,1,615.0375676,615.0375676,0,615.0375676,615.0375676,615.0375676
Chryseobacterium taklimakanense,1,614.9742916,614.9742916,0,614.9742916,614.9742916,614.9742916
Methylobacterium thiocyanatum,1,610.337488772,610.337488772,0,610.337488772,610.337488772,610.337488772
Microbacterium ginsengiterrae,1,597.3785536,597.3785536,0,597.3785536,597.3785536,597.3785536
Chryseobacterium taichungense,1,594.2848886,594.2848886,0,594.2848886,594.2848886,594.2848886
Sphingomonas adhaesiva,1,593.40829897,593.40829897,0,593.40829897,593.40829897,593.40829897
Corynebacterium thomssenii,1,591.3237922,591.3237922,0,591.3237922,591.3237922,591.3237922
Mycobacterium llatzerense,1,589.6324536,589.6324536,0,589.6324536,589.6324536,589.6324536
Massilia yuzhufengensis,1,587.5704792,587.5704792,0,587.5704792,587.5704792,587.5704792
Tetrasphaera remsis,1,587.53494,587.53494,0,587.53494,587.53494,587.53494
Pseudomonas luteola,1,586.4740814,586.4740814,0,586.4740814,586.4740814,586.4740814
Staphylococcus devriesei,1,584.5915738,584.5915738,0,584.5915738,584.5915738,584.5915738
Actinomyces israelii,1,584.192893417,584.192893417,0,584.192893417,584.192893417,584.192893417
Psychrobacter nivimaris,1,584.04854213,584.04854213,0,584.04854213,584.04854213,584.04854213
Neisseria cinerea,1,581.687348385,581.687348385,0,581.687348385,581.687348385,581.687348385
Pseudomonas protegens,1,571.3375124,571.3375124,0,571.3375124,571.3375124,571.3375124
Methylobacterium rhodesianum,1,568.21159745,568.21159745,0,568.21159745,568.21159745,568.21159745
Arcobacter cloacae,1,565.7091738,565.7091738,0,565.7091738,565.7091738,565.7091738
Enterococcus faecalis,1,561.89718758,561.89718758,0,561.89718758,561.89718758,561.89718758
Micrococcus endophyticus,1,555.86850546,555.86850546,0,555.86850546,555.86850546,555.86850546
Ochrobactrum anthropi,1,551.5975182,551.5975182,0,551.5975182,551.5975182,551.5975182
Prevotella stercorea,1,547.94272482,547.94272482,0,547.94272482,547.94272482,547.94272482
Rhizobium mongolense,1,542.27026382,542.27026382,0,542.27026382,542.27026382,542.27026382
Pseudomonas peli,1,541.2198188,541.2198188,0,541.2198188,541.2198188,541.2198188
Bacteroides coprophilus,1,540.796748717,540.796748717,0,540.796748717,540.796748717,540.796748717
Lysinibacillus boronitolerans,1,539.991387431,539.991387431,0,539.991387431,539.991387431,539.991387431
Salinicoccus qingdaonensis,1,538.8719867391,538.8719867391,0,538.8719867391,538.8719867391,538.8719867391
Pseudomonas gessardii,1,536.244203023,536.244203023,0,536.244203023,536.244203023,536.244203023
Arthrobacter citreus,1,530.34387736,530.34387736,0,530.34387736,530.34387736,530.34387736
Leptotrichia wadei,1,527.938553184,527.938553184,0,527.938553184,527.938553184,527.938553184
Phenylobacterium haematophilum,1,527.6105416,527.6105416,0,527.6105416,527.6105416,527.6105416
Corynebacterium aurimucosum,1,521.540082,521.540082,0,521.540082,521.540082,521.540082
Enterococcus durans,1,519.8220568,519.8220568,0,519.8220568,519.8220568,519.8220568
Microbacterium aurantiacum,1,513.63095398,513.63095398,0,513.63095398,513.63095398,513.63095398
Lactobacillus delbrueckii,1,509.5752674,509.5752674,0,509.5752674,509.5752674,509.5752674
Propionibacterium acidifaciens,1,507.5712002,507.5712002,0,507.5712002,507.5712002,507.5712002
Dysgonomonas capnocytophagoides,1,503.5185796,503.5185796,0,503.5185796,503.5185796,503.5185796
Peptostreptococcus stomatis,1,498.6088196,498.6088196,0,498.6088196,498.6088196,498.6088196
Ensifer meliloti,1,491.8605156,491.8605156,0,491.8605156,491.8605156,491.8605156
Flavonifractor plautii,1,490.752592,490.752592,0,490.752592,490.752592,490.752592
Deinococcus ficus,1,489.6009106,489.6009106,0,489.6009106,489.6009106,489.6009106
Brevibacterium ravenspurgense,1,488.58926477,488.58926477,0,488.58926477,488.58926477,488.58926477
Mycobacterium chelonae,1,487.46569079,487.46569079,0,487.46569079,487.46569079,487.46569079
Pseudomonas mandelii,1,487.001665,487.001665,0,487.001665,487.001665,487.001665
Jeotgalicoccus huakuii,1,486.98542781,486.98542781,0,486.98542781,486.98542781,486.98542781
Eubacterium saburreum,1,481.7489238,481.7489238,0,481.7489238,481.7489238,481.7489238
Citricoccus alkalitolerans,1,481.683519,481.683519,0,481.683519,481.683519,481.683519
Actinoplanes xinjiangensis,1,477.3998276,477.3998276,0,477.3998276,477.3998276,477.3998276
Serratia marcescens,1,474.80643417,474.80643417,0,474.80643417,474.80643417,474.80643417
Noviherbaspirillum suwonense,1,469.2600846,469.2600846,0,469.2600846,469.2600846,469.2600846
Flavobacterium columnare,1,465.4211972,465.4211972,0,465.4211972,465.4211972,465.4211972
Modestobacter marinus,1,463.2593164,463.2593164,0,463.2593164,463.2593164,463.2593164
Psychrobacter frigidicola,1,459.8291809,459.8291809,0,459.8291809,459.8291809,459.8291809
Corynebacterium coyleae,1,455.905101,455.905101,0,455.905101,455.905101,455.905101
Ruminococcus bromii,1,445.75106603,445.75106603,0,445.75106603,445.75106603,445.75106603
Propionibacterium avidum,1,434.50359557,434.50359557,0,434.50359557,434.50359557,434.50359557
Belnapia soli,1,430.2946358,430.2946358,0,430.2946358,430.2946358,430.2946358
Aggregatibacter segnis,1,429.7163456,429.7163456,0,429.7163456,429.7163456,429.7163456
Capnocytophaga gingivalis,1,429.5514652,429.5514652,0,429.5514652,429.5514652,429.5514652
Hymenobacter ocellatus,1,425.0573926,425.0573926,0,425.0573926,425.0573926,425.0573926
Pontibacter korlensis,1,423.5620274,423.5620274,0,423.5620274,423.5620274,423.5620274
Mycobacterium hodleri,1,417.5074612,417.5074612,0,417.5074612,417.5074612,417.5074612
Achromobacter marplatensis,1,411.952577,411.952577,0,411.952577,411.952577,411.952577
Massilia flava,1,407.2261868,407.2261868,0,407.2261868,407.2261868,407.2261868
Curtobacterium luteum,1,406.76568,406.76568,0,406.76568,406.76568,406.76568
Hyphomicrobium zavarzinii,1,405.49709836,405.49709836,0,405.49709836,405.49709836,405.49709836
Microbacterium maritypicum,1,403.30469799,403.30469799,0,403.30469799,403.30469799,403.30469799
Polynucleobacter necessarius,1,395.15002639,395.15002639,0,395.15002639,395.15002639,395.15002639
Pseudomonas mosselii,1,394.8710408,394.8710408,0,394.8710408,394.8710408,394.8710408
Leuconostoc gelidum,1,392.404729,392.404729,0,392.404729,392.404729,392.404729
Eubacterium sulci,1,384.0232646,384.0232646,0,384.0232646,384.0232646,384.0232646
Gluconacetobacter liquefaciens,1,382.7338312,382.7338312,0,382.7338312,382.7338312,382.7338312
Bifidobacterium pullorum,1,380.8530026,380.8530026,0,380.8530026,380.8530026,380.8530026
Blastomonas natatoria,1,375.441287567,375.441287567,0,375.441287567,375.441287567,375.441287567
Eubacterium biforme,1,373.98930624,373.98930624,0,373.98930624,373.98930624,373.98930624
Sneathia sanguinegens,1,371.97840063,371.97840063,0,371.97840063,371.97840063,371.97840063
Pantoea dispersa,1,367.2298008,367.2298008,0,367.2298008,367.2298008,367.2298008
Granulicoccus phenolivorans,1,366.7141208,366.7141208,0,366.7141208,366.7141208,366.7141208
Blautia producta,1,365.986738,365.986738,0,365.986738,365.986738,365.986738
Modestobacter versicolor,1,363.4465362,363.4465362,0,363.4465362,363.4465362,363.4465362
Mesorhizobium plurifarium,1,363.09139564,363.09139564,0,363.09139564,363.09139564,363.09139564
Pseudoxanthomonas mexicana,1,359.9915442,359.9915442,0,359.9915442,359.9915442,359.9915442
Chryseobacterium hagamense,1,355.203522,355.203522,0,355.203522,355.203522,355.203522
Bifidobacterium adolescentis,1,352.8380184391,352.8380184391,0,352.8380184391,352.8380184391,352.8380184391
Ochrobactrum thiophenivorans,1,351.6657014,351.6657014,0,351.6657014,351.6657014,351.6657014
Nocardioides hankookensis,1,351.2733922,351.2733922,0,351.2733922,351.2733922,351.2733922
Pseudomonas brassicacearum,1,350.658706,350.658706,0,350.658706,350.658706,350.658706
Enterococcus gallinarum,1,350.5166824,350.5166824,0,350.5166824,350.5166824,350.5166824
Atopobium rimae,1,347.9115598,347.9115598,0,347.9115598,347.9115598,347.9115598
Pseudochrobactrum asaccharolyticum,1,339.294645,339.294645,0,339.294645,339.294645,339.294645
Enterobacter cowanii,1,338.5537254,338.5537254,0,338.5537254,338.5537254,338.5537254
Friedmanniella spumicola,1,334.5944304,334.5944304,0,334.5944304,334.5944304,334.5944304
Lactobacillus ruminis,1,334.4922816,334.4922816,0,334.4922816,334.4922816,334.4922816
Rhodococcus corynebacterioides,1,330.5720378,330.5720378,0,330.5720378,330.5720378,330.5720378
Rickettsia felis,1,330.3560374,330.3560374,0,330.3560374,330.3560374,330.3560374
Desulfotomaculum nigrificans,1,329.077206,329.077206,0,329.077206,329.077206,329.077206
Lactobacillus jensenii,1,328.6987728,328.6987728,0,328.6987728,328.6987728,328.6987728
Aeromonas dhakensis,1,328.3696802,328.3696802,0,328.3696802,328.3696802,328.3696802
Mesorhizobium amorphae,1,327.43591418,327.43591418,0,327.43591418,327.43591418,327.43591418
Blastococcus saxobsidens,1,326.68730578,326.68730578,0,326.68730578,326.68730578,326.68730578
Actinomadura vinacea,1,323.219008,323.219008,0,323.219008,323.219008,323.219008
Streptomyces spectabilis,1,321.2293044,321.2293044,0,321.2293044,321.2293044,321.2293044
Pseudomonas oleovorans,1,319.1965088,319.1965088,0,319.1965088,319.1965088,319.1965088
Mycobacterium iranicum,1,317.8188138,317.8188138,0,317.8188138,317.8188138,317.8188138
Streptomyces violaceoruber,1,314.0389996,314.0389996,0,314.0389996,314.0389996,314.0389996
Mycoplasma faucium,1,313.6174812,313.6174812,0,313.6174812,313.6174812,313.6174812
Actinomyces johnsonii,1,311.4811224,311.4811224,0,311.4811224,311.4811224,311.4811224
Lactococcus piscium,1,308.5002202,308.5002202,0,308.5002202,308.5002202,308.5002202
Sphingomonas rubra,1,308.227189427,308.227189427,0,308.227189427,308.227189427,308.227189427
Arthrobacter crystallopoietes,1,307.0159012,307.0159012,0,307.0159012,307.0159012,307.0159012
Pontibacter lucknowensis,1,303.1956488,303.1956488,0,303.1956488,303.1956488,303.1956488
Paenibacillus macerans,1,297.0907498,297.0907498,0,297.0907498,297.0907498,297.0907498
Prevotella shahii,1,294.1947438,294.1947438,0,294.1947438,294.1947438,294.1947438
Treponema amylovorum,1,292.234069,292.234069,0,292.234069,292.234069,292.234069
Pseudoxanthomonas indica,1,290.1511558,290.1511558,0,290.1511558,290.1511558,290.1511558
Granulicatella elegans,1,288.431802,288.431802,0,288.431802,288.431802,288.431802
Leuconostoc gasicomitatum,1,287.2214652,287.2214652,0,287.2214652,287.2214652,287.2214652
Bacillus thuringiensis,1,285.4979696,285.4979696,0,285.4979696,285.4979696,285.4979696
Halomonas caseinilytica,1,279.05010421,279.05010421,0,279.05010421,279.05010421,279.05010421
Flavobacterium subsaxonicum,1,277.0384232,277.0384232,0,277.0384232,277.0384232,277.0384232
Cupriavidus respiraculi,1,275.663453187,275.663453187,0,275.663453187,275.663453187,275.663453187
Leptotrichia shahii,1,275.3940974,275.3940974,0,275.3940974,275.3940974,275.3940974
Microbacterium lacus,1,272.0769154,272.0769154,0,272.0769154,272.0769154,272.0769154
Pseudoxanthomonas spadix,1,266.3598446,266.3598446,0,266.3598446,266.3598446,266.3598446
Psychrobacter glacincola,1,263.7569294,263.7569294,0,263.7569294,263.7569294,263.7569294
Lactococcus chungangensis,1,260.8312892,260.8312892,0,260.8312892,260.8312892,260.8312892
Cytophaga aurantiaca,1,257.22304879,257.22304879,0,257.22304879,257.22304879,257.22304879
Rheinheimera chironomi,1,253.86850461,253.86850461,0,253.86850461,253.86850461,253.86850461
Paracoccus kocurii,1,253.8011778,253.8011778,0,253.8011778,253.8011778,253.8011778
Weissella paramesenteroides,1,247.4135262,247.4135262,0,247.4135262,247.4135262,247.4135262
Luteibacter rhizovicinus,1,246.427843,246.427843,0,246.427843,246.427843,246.427843
Prevotella maculosa,1,246.392189,246.392189,0,246.392189,246.392189,246.392189
Bifidobacterium kashiwanohense,1,246.1684854,246.1684854,0,246.1684854,246.1684854,246.1684854
Mesorhizobium alhagi,1,242.3201692,242.3201692,0,242.3201692,242.3201692,242.3201692
Corynebacterium maris,1,242.2226646,242.2226646,0,242.2226646,242.2226646,242.2226646
Sphingomonas aerolata,1,235.2763286,235.2763286,0,235.2763286,235.2763286,235.2763286
Microbacterium laevaniformans,1,233.815776,233.815776,0,233.815776,233.815776,233.815776
Meiothermus silvanus,1,233.8046902,233.8046902,0,233.8046902,233.8046902,233.8046902
Actinomyces oris,1,233.587689375,233.587689375,0,233.587689375,233.587689375,233.587689375
Thermobifida fusca,1,233.0774318,233.0774318,0,233.0774318,233.0774318,233.0774318
Paracoccus zeaxanthinifaciens,1,232.8997078,232.8997078,0,232.8997078,232.8997078,232.8997078
Corynebacterium afermentans,1,232.2073538,232.2073538,0,232.2073538,232.2073538,232.2073538
Bacteroides vulgatus,1,227.5744818,227.5744818,0,227.5744818,227.5744818,227.5744818
Achromobacter ruhlandii,1,224.4352154,224.4352154,0,224.4352154,224.4352154,224.4352154
Ruminococcus flavefaciens,1,220.4299698,220.4299698,0,220.4299698,220.4299698,220.4299698
Staphylococcus succinus,1,220.1841314,220.1841314,0,220.1841314,220.1841314,220.1841314
Corynebacterium simulans,1,219.5294864,219.5294864,0,219.5294864,219.5294864,219.5294864
Luteimonas terricola,1,217.986221,217.986221,0,217.986221,217.986221,217.986221
Microbacterium phyllosphaerae,1,215.4702574,215.4702574,0,215.4702574,215.4702574,215.4702574
Bacillus niabensis,1,215.4466494,215.4466494,0,215.4466494,215.4466494,215.4466494
Eubacterium dolichum,1,215.15584,215.15584,0,215.15584,215.15584,215.15584
Phenylobacterium koreense,1,213.8604864,213.8604864,0,213.8604864,213.8604864,213.8604864
Gluconacetobacter diazotrophicus,1,212.738152,212.738152,0,212.738152,212.738152,212.738152
Brevibacterium sanguinis,1,208.8685388,208.8685388,0,208.8685388,208.8685388,208.8685388
Dialister pneumosintes,1,208.0210248,208.0210248,0,208.0210248,208.0210248,208.0210248
Streptomyces tricolor,1,206.6789742,206.6789742,0,206.6789742,206.6789742,206.6789742
Pseudomonas rhizosphaerae,1,201.4912852,201.4912852,0,201.4912852,201.4912852,201.4912852
Dermabacter hominis,1,200.7460302,200.7460302,0,200.7460302,200.7460302,200.7460302
Porphyromonas canoris,1,195.00231408,195.00231408,0,195.00231408,195.00231408,195.00231408
Bacillus pumilus,1,194.44805092,194.44805092,0,194.44805092,194.44805092,194.44805092
Brevundimonas intermedia,1,190.67285468,190.67285468,0,190.67285468,190.67285468,190.67285468
Thermus scotoductus,1,189.24611842,189.24611842,0,189.24611842,189.24611842,189.24611842
Streptomyces diastatochromogenes,1,184.51459414,184.51459414,0,184.51459414,184.51459414,184.51459414
Prosthecobacter vanneervenii,1,180.15559358,180.15559358,0,180.15559358,180.15559358,180.15559358
Methylobacterium soli,1,178.25136322,178.25136322,0,178.25136322,178.25136322,178.25136322
Duganella zoogloeoides,1,177.58139936,177.58139936,0,177.58139936,177.58139936,177.58139936
Mesorhizobium albiziae,1,173.80012162,173.80012162,0,173.80012162,173.80012162,173.80012162
Rhizobium leguminosarum,1,173.53457522,173.53457522,0,173.53457522,173.53457522,173.53457522
Pseudomonas formosensis,1,171.39593818,171.39593818,0,171.39593818,171.39593818,171.39593818
Exiguobacterium acetylicum,1,167.26090636,167.26090636,0,167.26090636,167.26090636,167.26090636
Bradyrhizobium yuanmingense,1,166.44980344,166.44980344,0,166.44980344,166.44980344,166.44980344
Prevotella tannerae,1,164.77379472,164.77379472,0,164.77379472,164.77379472,164.77379472
Campylobacter ureolyticus,1,163.516224533,163.516224533,0,163.516224533,163.516224533,163.516224533
Porphyrobacter donghaensis,1,163.09906802,163.09906802,0,163.09906802,163.09906802,163.09906802
Prevotella denticola,1,162.530966107,162.530966107,0,162.530966107,162.530966107,162.530966107
Ochrobactrum tritici,1,160.43587508,160.43587508,0,160.43587508,160.43587508,160.43587508
Blautia faecis,1,155.57238316,155.57238316,0,155.57238316,155.57238316,155.57238316
Bradyrhizobium canariense,1,155.5498328,155.5498328,0,155.5498328,155.5498328,155.5498328
Anaerococcus octavius,1,146.99709314,146.99709314,0,146.99709314,146.99709314,146.99709314
Neisseria mucosa,1,146.33104994,146.33104994,0,146.33104994,146.33104994,146.33104994
Clostridium clostridioforme,1,144.62543667,144.62543667,0,144.62543667,144.62543667,144.62543667
Anaerococcus lactolyticus,1,144.50737106,144.50737106,0,144.50737106,144.50737106,144.50737106
Xanthomonas axonopodis,1,143.74067842,143.74067842,0,143.74067842,143.74067842,143.74067842
Brevundimonas alba,1,142.2777754,142.2777754,0,142.2777754,142.2777754,142.2777754
Friedmanniella lucida,1,140.13157976,140.13157976,0,140.13157976,140.13157976,140.13157976
Sphingobium fontiphilum,1,134.74628546,134.74628546,0,134.74628546,134.74628546,134.74628546
Herbaspirillum huttiense,1,134.68545194,134.68545194,0,134.68545194,134.68545194,134.68545194
Cupriavidus metallidurans,1,134.5456696,134.5456696,0,134.5456696,134.5456696,134.5456696
Flavobacterium frigidarium,1,133.17372842,133.17372842,0,133.17372842,133.17372842,133.17372842
Novosphingobium panipatense,1,133.01115684,133.01115684,0,133.01115684,133.01115684,133.01115684
Bifidobacterium catenulatum,1,130.87409698,130.87409698,0,130.87409698,130.87409698,130.87409698
Arthrobacter creatinolyticus,1,130.80511502,130.80511502,0,130.80511502,130.80511502,130.80511502
Lactobacillus curvatus,1,130.435333839,130.435333839,0,130.435333839,130.435333839,130.435333839
Rhizobium soli,1,130.41669872,130.41669872,0,130.41669872,130.41669872,130.41669872
Bacteroides dorei,1,130.171754192,130.171754192,0,130.171754192,130.171754192,130.171754192
Brevibacillus thermoruber,1,129.64058042,129.64058042,0,129.64058042,129.64058042,129.64058042
Methylobacterium variabile,1,126.83617776,126.83617776,0,126.83617776,126.83617776,126.83617776
Roseburia intestinalis,1,124.99752818,124.99752818,0,124.99752818,124.99752818,124.99752818
Croceicoccus marinus,1,123.2465109,123.2465109,0,123.2465109,123.2465109,123.2465109
Rhizobium huautlense,1,123.04002688,123.04002688,0,123.04002688,123.04002688,123.04002688
Sulfitobacter dubius,1,122.82036764,122.82036764,0,122.82036764,122.82036764,122.82036764
Bifidobacterium breve,1,122.62369036,122.62369036,0,122.62369036,122.62369036,122.62369036
Micrococcus cohnii,1,119.97367176,119.97367176,0,119.97367176,119.97367176,119.97367176
Pseudomonas flavescens,1,119.45642198,119.45642198,0,119.45642198,119.45642198,119.45642198
Luteimonas mephitis,1,118.1417059,118.1417059,0,118.1417059,118.1417059,118.1417059
Actinomyces graevenitzii,1,117.45712622,117.45712622,0,117.45712622,117.45712622,117.45712622
Porphyromonas somerae,1,116.69249596,116.69249596,0,116.69249596,116.69249596,116.69249596
Marinomonas primoryensis,1,116.360669676,116.360669676,0,116.360669676,116.360669676,116.360669676
Massilia alkalitolerans,1,113.7341776,113.7341776,0,113.7341776,113.7341776,113.7341776
Roseburia faecis,1,112.39705308,112.39705308,0,112.39705308,112.39705308,112.39705308
Microlunatus aurantiacus,1,111.362155597,111.362155597,0,111.362155597,111.362155597,111.362155597
Acinetobacter radioresistens,1,111.03212078,111.03212078,0,111.03212078,111.03212078,111.03212078
Thioclava pacifica,1,110.96929824,110.96929824,0,110.96929824,110.96929824,110.96929824
Bradyrhizobium cytisi,1,110.37826074,110.37826074,0,110.37826074,110.37826074,110.37826074
Hydrocarboniphaga effusa,1,110.2418655,110.2418655,0,110.2418655,110.2418655,110.2418655
Marmoricola aequoreus,1,109.15439488,109.15439488,0,109.15439488,109.15439488,109.15439488
Pseudomonas citronellolis,1,105.45070479,105.45070479,0,105.45070479,105.45070479,105.45070479
Sphingomonas asaccharolytica,1,104.0873636,104.0873636,0,104.0873636,104.0873636,104.0873636
Azotobacter salinestris,1,103.14984876,103.14984876,0,103.14984876,103.14984876,103.14984876
Pseudomonas composti,1,101.73141886,101.73141886,0,101.73141886,101.73141886,101.73141886
Limnohabitans curvus,1,98.3833614,98.3833614,0,98.3833614,98.3833614,98.3833614
Pseudonocardia carboxydivorans,1,98.16974816,98.16974816,0,98.16974816,98.16974816,98.16974816
Mesorhizobium loti,1,97.37448642,97.37448642,0,97.37448642,97.37448642,97.37448642
Thermomonas fusca,1,97.29384232,97.29384232,0,97.29384232,97.29384232,97.29384232
Massilia dura,1,93.67702562,93.67702562,0,93.67702562,93.67702562,93.67702562
Bifidobacterium bifidum,1,91.10421456,91.10421456,0,91.10421456,91.10421456,91.10421456
Brochothrix thermosphacta,1,84.21613464,84.21613464,0,84.21613464,84.21613464,84.21613464
Prosthecobacter debontii,1,84.04805124,84.04805124,0,84.04805124,84.04805124,84.04805124
Aeromonas sobria,1,83.64022674,83.64022674,0,83.64022674,83.64022674,83.64022674
Actinoplanes liguriensis,1,81.86247876,81.86247876,0,81.86247876,81.86247876,81.86247876
Aeromicrobium ginsengisoli,1,78.50624686,78.50624686,0,78.50624686,78.50624686,78.50624686
Alloiococcus otitis,1,77.46292732,77.46292732,0,77.46292732,77.46292732,77.46292732
Rathayibacter caricis,1,76.7733584,76.7733584,0,76.7733584,76.7733584,76.7733584
Campylobacter gracilis,1,76.35927248,76.35927248,0,76.35927248,76.35927248,76.35927248
Peptostreptococcus russellii,1,76.29017938,76.29017938,0,76.29017938,76.29017938,76.29017938
Oligella urethralis,1,75.46076342,75.46076342,0,75.46076342,75.46076342,75.46076342
Pseudomonas frederiksbergensis,1,75.32042772,75.32042772,0,75.32042772,75.32042772,75.32042772
Pseudomonas tolaasii,1,73.16063452,73.16063452,0,73.16063452,73.16063452,73.16063452
Actinomyces viscosus,1,72.76310098,72.76310098,0,72.76310098,72.76310098,72.76310098
Hydrogenophaga palleronii,1,70.98449692,70.98449692,0,70.98449692,70.98449692,70.98449692
Bacteroides ovatus,1,70.91196414,70.91196414,0,70.91196414,70.91196414,70.91196414
Clavibacter michiganensis,1,67.16263784,67.16263784,0,67.16263784,67.16263784,67.16263784
Acidovorax delafieldii,1,65.03520008,65.03520008,0,65.03520008,65.03520008,65.03520008
Microbacterium oleivorans,1,61.75324734,61.75324734,0,61.75324734,61.75324734,61.75324734
Pseudomonas azotoformans,1,60.75385844,60.75385844,0,60.75385844,60.75385844,60.75385844
Lactobacillus fermentum,1,60.71886646,60.71886646,0,60.71886646,60.71886646,60.71886646
Polynucleobacter cosmopolitanus,1,58.406191442,58.406191442,0,58.406191442,58.406191442,58.406191442
Amphibacillus indicireducens,1,57.33577538,57.33577538,0,57.33577538,57.33577538,57.33577538
Clostridium perfringens,1,56.62906788,56.62906788,0,56.62906788,56.62906788,56.62906788
Pseudosporangium ferrugineum,1,54.60699196,54.60699196,0,54.60699196,54.60699196,54.60699196
Nitrobacter vulgaris,1,53.516944715,53.516944715,0,53.516944715,53.516944715,53.516944715
Pseudomonas benzenivorans,1,52.27970186,52.27970186,0,52.27970186,52.27970186,52.27970186
Alloscardovia omnicolens,1,52.15246472,52.15246472,0,52.15246472,52.15246472,52.15246472
Acinetobacter pittii,1,51.92714942,51.92714942,0,51.92714942,51.92714942,51.92714942
Lysobacter xinjiangensis,1,51.1697021,51.1697021,0,51.1697021,51.1697021,51.1697021
Nocardioides ginsengisegetis,1,50.85465156,50.85465156,0,50.85465156,50.85465156,50.85465156
Sphingomonas panni,1,49.70363032,49.70363032,0,49.70363032,49.70363032,49.70363032
Enterobacter ludwigii,1,49.19961114,49.19961114,0,49.19961114,49.19961114,49.19961114
Jannaschia rubra,1,48.12402408,48.12402408,0,48.12402408,48.12402408,48.12402408
Hyphomicrobium chloromethanicum,1,43.511911183,43.511911183,0,43.511911183,43.511911183,43.511911183
Bifidobacterium boum,1,41.38408484,41.38408484,0,41.38408484,41.38408484,41.38408484
Leptotrichia trevisanii,1,39.83501656,39.83501656,0,39.83501656,39.83501656,39.83501656
Staphylococcus simulans,1,37.00473814,37.00473814,0,37.00473814,37.00473814,37.00473814
Mycobacterium rhodesiae,1,36.8427062,36.8427062,0,36.8427062,36.8427062,36.8427062
Vibrio harveyi,1,34.9993079,34.9993079,0,34.9993079,34.9993079,34.9993079
Afipia massiliensis,1,34.24710452,34.24710452,0,34.24710452,34.24710452,34.24710452
Acidovorax caeni,1,32.07715932,32.07715932,0,32.07715932,32.07715932,32.07715932
Paenibacillus barengoltzii,1,30.89087814,30.89087814,0,30.89087814,30.89087814,30.89087814
Sphingomonas abaci,1,30.81171026,30.81171026,0,30.81171026,30.81171026,30.81171026
Rhizobium petrolearium,1,27.18826464,27.18826464,0,27.18826464,27.18826464,27.18826464
Burkholderia phenazinium,1,26.5262442,26.5262442,0,26.5262442,26.5262442,26.5262442
Novosphingobium aromaticivorans,1,25.78295976,25.78295976,0,25.78295976,25.78295976,25.78295976
Pseudochrobactrum saccharolyticum,1,23.4316555,23.4316555,0,23.4316555,23.4316555,23.4316555
Brevibacillus reuszeri,1,20.82335146,20.82335146,0,20.82335146,20.82335146,20.82335146
Eubacterium infirmum,1,20.07519532,20.07519532,0,20.07519532,20.07519532,20.07519532
Opitutus terrae,1,18.40913954,18.40913954,0,18.40913954,18.40913954,18.40913954
Actinomyces dentalis,1,17.15396278,17.15396278,0,17.15396278,17.15396278,17.15396278
Microlunatus phosphovorus,1,16.951747746,16.951747746,0,16.951747746,16.951747746,16.951747746
Bdellovibrio bacteriovorus,1,16.71975726,16.71975726,0,16.71975726,16.71975726,16.71975726
Psychrobacter fozii,1,13.815678676,13.815678676,0,13.815678676,13.815678676,13.815678676
Janibacter limosus,1,13.686394318,13.686394318,0,13.686394318,13.686394318,13.686394318
Bartonella clarridgeiae,1,13.606957796,13.606957796,0,13.606957796,13.606957796,13.606957796
Weissella hellenica,1,12.842395602,12.842395602,0,12.842395602,12.842395602,12.842395602
Bacillus licheniformis,1,12.657711938,12.657711938,0,12.657711938,12.657711938,12.657711938
Bradyrhizobium jicamae,1,12.15867046,12.15867046,0,12.15867046,12.15867046,12.15867046
Rubellimicrobium aerolatum,1,11.878350096,11.878350096,0,11.878350096,11.878350096,11.878350096
Chryseobacterium hispanicum,1,9.426102926,9.426102926,0,9.426102926,9.426102926,9.426102926
Mesorhizobium mediterraneum,1,9.30125388,9.30125388,0,9.30125388,9.30125388,9.30125388
Gluconobacter thailandicus,1,6.141851366,6.141851366,0,6.141851366,6.141851366,6.141851366
Phyllobacterium myrsinacearum,1,4.264245418,4.264245418,0,4.264245418,4.264245418,4.264245418
